error,text_chunk
"Authorization header is correct, but the token seems invalid",The sky is blue.
"Authorization header is correct, but the token seems invalid",The grass is green.
"Authorization header is correct, but the token seems invalid",The sun is shining.
"Authorization header is correct, but the token seems invalid",I love chocolate.
"Authorization header is correct, but the token seems invalid",Pizza is delicious.
"Authorization header is correct, but the token seems invalid",Coding is fun.
"Authorization header is correct, but the token seems invalid",Roses are red.
"Authorization header is correct, but the token seems invalid",Violets are blue.
"Authorization header is correct, but the token seems invalid",Water is essential for life.
"Authorization header is correct, but the token seems invalid",The moon orbits the Earth.
